{
    "loss": 6.15052604675293,
    "accuracy": 0.04868420958518982,
    "precision": 0.0,
    "recall": 0.0
}