{
    "loss": 0.08289219439029694,
    "accuracy": 0.9868420958518982,
    "precision": 0.9920634627342224,
    "recall": 0.9868420958518982
}