{
    "loss": 0.0906992256641388,
    "accuracy": 0.9868420958518982,
    "precision": 0.9920424222946167,
    "recall": 0.9842105507850647
}